Temperature,PH,Nitrogen,Phosphorous,Potassium,Soil,Crop,Growth_Stage,Fertilizer_Type,Fertilizer_per_acre
26.06,6.81,66,91,73,Sandy loam,Radish,Vegetative,Urea,23
29.24,6.98,73,32,57,Sandy loam,Beetroot,Flowering,NPK 15-15-15,42
25.42,6.91,131,56,57,Clay,Beetroot,Germination,NPK 15-15-15,26
29.79,5.83,59,103,147,Loam,Red onion,Vegetative,NPK 15-15-15,31
34.81,6.46,63,32,139,Sandy loam,Beetroot,Vegetative,NPK 15-15-15,49
34.19,7.16,152,76,55,Clay,Rice,Flowering,Urea,24
30.50,7.02,71,112,156,Loam,Radish,Germination,DAP,19
25.61,6.32,74,52,149,Sandy loam,Radish,Vegetative,Urea,21
26.36,6.94,103,26,95,Loam,Beetroot,Flowering,NPK 15-15-15,48
31.86,7.14,36,35,103,Clay,Beetroot,Germination,NPK 15-15-15,26
25.07,6.48,133,62,110,Clay,Rice,Vegetative,Urea,41
28.57,6.59,125,55,62,Sandy loam,Beetroot,Vegetative,Urea,47
31.89,6.62,22,105,149,Sandy loam,Red onion,Germination,DAP,21
30.88,6.28,64,99,90,Clay,Rice,Vegetative,Urea,39
26.58,6.39,88,131,159,Clay,Rice,Vegetative,Urea,43
29.36,7.13,40,149,36,Clay,Rice,Germination,DAP,23
30.08,6.45,63,123,36,Loam,Rice,Flowering,Urea,22
27.30,6.53,56,141,69,Clay,Beetroot,Germination,NPK 15-15-15,31
27.95,6.18,129,51,63,Clay,Red onion,Germination,DAP,23
30.48,6.06,74,136,30,Loam,Radish,Flowering,NPK 15-15-15,24
28.87,5.85,115,54,134,Sandy loam,Rice,Vegetative,Urea,44
28.31,6.12,34,118,139,Loam,Radish,Flowering,NPK 15-15-15,29
34.33,6.36,20,103,37,Loam,Beetroot,Flowering,NPK 15-15-15,43
29.85,6.33,25,37,60,Sandy loam,Radish,Flowering,NPK 15-15-15,23
28.31,6.27,100,55,150,Sandy loam,Red onion,Vegetative,NPK 15-15-15,34
28.50,6.16,48,90,127,Sandy loam,Beetroot,Flowering,NPK 15-15-15,45
25.07,6.66,23,22,105,Loam,Radish,Flowering,NPK 15-15-15,21
24.97,6.09,62,148,28,Sandy loam,Beetroot,Flowering,NPK 15-15-15,40
26.15,6.33,115,24,101,Sandy loam,Radish,Flowering,NPK 15-15-15,29
35.13,6.57,48,123,84,Loam,Red onion,Germination,DAP,20
33.25,6.71,49,159,114,Sandy loam,Rice,Flowering,Urea,29
33.67,7.10,100,152,152,Loam,Beetroot,Flowering,NPK 15-15-15,44
25.96,6.30,153,72,159,Loam,Rice,Vegetative,Urea,42
31.10,7.19,144,110,58,Clay,Beetroot,Germination,NPK 15-15-15,29
24.68,6.54,65,127,61,Clay,Rice,Flowering,Urea,24
28.02,6.32,92,92,128,Sandy loam,Beetroot,Vegetative,Urea,44
34.55,6.85,30,49,93,Loam,Red onion,Vegetative,NPK 15-15-15,34
24.20,7.28,80,125,107,Loam,Beetroot,Germination,NPK 15-15-15,31
31.32,6.01,43,158,153,Clay,Red onion,Flowering,Urea,27
31.34,6.13,90,140,90,Sandy loam,Rice,Germination,DAP,27
27.04,6.60,74,62,110,Clay,Red onion,Germination,DAP,22
25.36,6.82,74,37,36,Sandy loam,Red onion,Flowering,Urea,29
32.20,6.98,90,104,21,Loam,Radish,Flowering,NPK 15-15-15,28
31.27,6.96,76,46,118,Clay,Red onion,Vegetative,NPK 15-15-15,34
34.74,6.95,36,59,101,Loam,Rice,Flowering,Urea,27
28.87,6.86,42,141,101,Clay,Rice,Vegetative,Urea,43
26.29,7.23,158,83,110,Sandy loam,Red onion,Germination,DAP,23
30.93,6.85,130,130,58,Sandy loam,Red onion,Flowering,Urea,28
32.30,6.81,103,159,151,Clay,Red onion,Germination,DAP,22
28.33,6.55,41,23,116,Loam,Red onion,Flowering,Urea,27
29.29,6.51,125,101,69,Sandy loam,Rice,Flowering,Urea,32
34.47,6.72,47,86,79,Sandy loam,Rice,Germination,NPK 15-15-15,23
26.31,6.52,36,40,34,Clay,Rice,Vegetative,Urea,41
24.28,6.32,118,48,145,Clay,Beetroot,Flowering,NPK 15-15-15,51
31.32,7.25,136,36,32,Loam,Rice,Flowering,Urea,34
32.73,7.00,146,152,129,Clay,Beetroot,Vegetative,NPK 15-15-15,40
33.19,6.81,147,63,45,Clay,Beetroot,Flowering,NPK 15-15-15,52
28.98,6.10,102,89,150,Clay,Rice,Germination,NPK 15-15-15,22
35.30,7.12,157,69,60,Sandy loam,Red onion,Flowering,Urea,24
25.76,6.77,60,94,138,Sandy loam,Beetroot,Vegetative,NPK 15-15-15,39
27.36,5.82,63,79,155,Sandy loam,Rice,Vegetative,Urea,43
25.59,6.97,81,136,77,Clay,Rice,Vegetative,Urea,41
27.88,6.85,158,62,97,Loam,Beetroot,Germination,NPK 15-15-15,26
26.99,6.05,30,100,140,Loam,Red onion,Germination,DAP,21
28.66,7.17,138,84,53,Sandy loam,Radish,Flowering,NPK 15-15-15,33
35.08,6.02,38,37,106,Sandy loam,Radish,Germination,DAP,20
32.75,7.13,127,35,142,Sandy loam,Beetroot,Vegetative,Urea,52
27.32,6.64,96,105,134,Loam,Red onion,Vegetative,NPK 15-15-15,32
32.94,6.74,78,25,21,Clay,Red onion,Germination,DAP,18
28.25,6.71,34,99,91,Sandy loam,Beetroot,Germination,NPK 15-15-15,31
25.37,6.19,79,71,55,Loam,Radish,Germination,DAP,19
33.94,5.97,28,79,81,Clay,Beetroot,Germination,NPK 15-15-15,28
34.57,6.78,114,78,126,Loam,Beetroot,Flowering,NPK 15-15-15,57
34.01,7.10,124,153,148,Sandy loam,Radish,Vegetative,Urea,21
27.16,6.82,142,109,58,Loam,Red onion,Vegetative,NPK 15-15-15,26
30.28,6.45,144,127,117,Clay,Radish,Germination,DAP,18
33.30,7.00,56,90,119,Loam,Beetroot,Germination,NPK 15-15-15,31
27.17,7.13,147,35,116,Sandy loam,Radish,Flowering,NPK 15-15-15,27
24.71,7.20,66,97,46,Loam,Radish,Germination,DAP,19
28.46,6.42,78,98,70,Sandy loam,Radish,Vegetative,Urea,22
33.21,6.76,93,36,78,Loam,Rice,Flowering,Urea,22
33.00,7.37,39,148,148,Sandy loam,Rice,Flowering,Urea,31
29.57,5.99,48,79,93,Sandy loam,Beetroot,Vegetative,NPK 15-15-15,40
30.74,6.25,109,40,153,Loam,Red onion,Flowering,Urea,25
24.88,6.28,72,159,153,Sandy loam,Red onion,Vegetative,NPK 15-15-15,33
31.22,7.06,88,54,118,Sandy loam,Radish,Vegetative,Urea,25
34.90,6.66,78,29,127,Clay,Rice,Germination,NPK 15-15-15,23
31.26,6.29,120,95,155,Clay,Radish,Germination,DAP,19
25.03,5.94,71,32,153,Clay,Radish,Germination,DAP,17
30.28,6.39,103,55,83,Loam,Beetroot,Flowering,NPK 15-15-15,54
34.02,6.93,90,152,124,Clay,Beetroot,Germination,NPK 15-15-15,34
35.32,6.18,37,106,98,Loam,Radish,Vegetative,Urea,30
31.67,6.65,92,50,63,Clay,Red onion,Flowering,Urea,27
31.43,6.83,59,152,152,Loam,Radish,Flowering,NPK 15-15-15,27
27.13,6.17,69,98,49,Loam,Beetroot,Vegetative,Urea,37
35.91,6.99,58,137,40,Sandy loam,Radish,Vegetative,Urea,23
30.55,6.30,73,83,150,Sandy loam,Beetroot,Flowering,NPK 15-15-15,44
32.10,6.93,82,145,96,Loam,Radish,Flowering,NPK 15-15-15,32
26.19,6.44,149,72,53,Sandy loam,Beetroot,Flowering,NPK 15-15-15,50
33.79,6.18,28,28,124,Sandy loam,Red onion,Vegetative,NPK 15-15-15,34
29.26,6.23,37,63,23,Loam,Radish,Flowering,NPK 15-15-15,26
24.62,5.89,146,62,103,Sandy loam,Rice,Vegetative,Urea,37
24.98,6.03,151,43,138,Loam,Red onion,Flowering,Urea,23
32.38,5.88,146,25,51,Loam,Red onion,Flowering,Urea,25
27.82,7.32,49,134,140,Sandy loam,Beetroot,Vegetative,Urea,44
29.79,6.65,105,142,137,Loam,Beetroot,Germination,NPK 15-15-15,34
34.48,6.55,154,59,94,Loam,Radish,Vegetative,Urea,20
30.13,7.19,124,93,27,Sandy loam,Rice,Flowering,Urea,32
32.78,5.86,94,46,104,Loam,Radish,Vegetative,Urea,28
30.55,6.58,62,90,154,Clay,Red onion,Vegetative,NPK 15-15-15,25
35.09,7.38,134,32,89,Clay,Beetroot,Flowering,NPK 15-15-15,60
27.16,6.17,97,135,78,Loam,Red onion,Germination,DAP,18
28.69,6.64,47,126,150,Sandy loam,Red onion,Vegetative,NPK 15-15-15,32
27.20,6.53,139,94,64,Sandy loam,Beetroot,Germination,NPK 15-15-15,32
35.45,6.19,48,31,38,Sandy loam,Red onion,Vegetative,NPK 15-15-15,32
28.74,6.30,41,104,133,Loam,Red onion,Germination,DAP,23
24.71,6.74,33,127,93,Sandy loam,Radish,Germination,DAP,18
31.59,5.85,56,157,134,Loam,Radish,Vegetative,Urea,22
29.97,7.04,87,117,77,Sandy loam,Radish,Flowering,NPK 15-15-15,22
33.30,6.70,119,97,21,Clay,Red onion,Vegetative,NPK 15-15-15,27
28.51,7.01,102,141,41,Loam,Radish,Flowering,NPK 15-15-15,24
24.25,6.12,32,82,49,Sandy loam,Rice,Germination,DAP,27
32.78,5.95,48,97,142,Loam,Radish,Flowering,NPK 15-15-15,24
30.55,7.25,61,55,105,Loam,Rice,Flowering,Urea,30
32.32,6.44,148,56,108,Loam,Beetroot,Flowering,NPK 15-15-15,45
25.03,6.18,122,101,40,Clay,Radish,Vegetative,Urea,26
25.40,6.58,89,59,124,Loam,Radish,Flowering,NPK 15-15-15,33
25.14,5.87,34,94,68,Sandy loam,Rice,Flowering,Urea,28
31.51,7.20,74,133,98,Loam,Rice,Vegetative,Urea,43
29.36,7.18,100,121,25,Loam,Red onion,Germination,DAP,16
28.16,6.49,117,137,27,Clay,Red onion,Flowering,Urea,26
27.77,6.58,141,116,45,Clay,Beetroot,Flowering,NPK 15-15-15,44
25.15,6.24,30,62,21,Clay,Red onion,Flowering,Urea,29
35.44,6.97,47,140,101,Loam,Radish,Germination,DAP,19
33.62,7.29,33,131,24,Clay,Beetroot,Flowering,NPK 15-15-15,49
24.38,6.41,44,148,116,Loam,Radish,Germination,DAP,19
32.59,6.78,100,140,36,Clay,Rice,Flowering,Urea,23
35.26,6.18,120,46,68,Sandy loam,Red onion,Germination,DAP,17
24.58,6.06,113,160,109,Sandy loam,Radish,Flowering,NPK 15-15-15,28
28.70,6.39,118,84,69,Clay,Rice,Vegetative,Urea,42
26.71,7.36,88,24,124,Sandy loam,Radish,Germination,DAP,16
24.77,6.33,82,23,27,Loam,Red onion,Germination,DAP,23
33.83,6.58,142,75,60,Clay,Beetroot,Vegetative,NPK 15-15-15,38
30.23,6.47,144,146,110,Clay,Beetroot,Flowering,NPK 15-15-15,41
24.16,7.21,102,87,129,Loam,Radish,Germination,DAP,17
27.50,5.90,121,97,89,Clay,Red onion,Vegetative,NPK 15-15-15,34
35.95,6.34,20,38,140,Sandy loam,Beetroot,Germination,NPK 15-15-15,31
30.11,6.82,69,120,125,Loam,Radish,Germination,DAP,16
29.49,6.46,107,65,79,Clay,Radish,Vegetative,Urea,27
25.97,6.09,124,146,110,Loam,Red onion,Germination,DAP,18
33.01,7.35,127,158,40,Loam,Radish,Germination,DAP,19
25.89,7.12,53,84,72,Clay,Beetroot,Germination,NPK 15-15-15,35
30.38,6.05,77,139,62,Clay,Beetroot,Germination,NPK 15-15-15,26
25.28,6.33,44,75,65,Sandy loam,Rice,Germination,DAP,23
35.23,6.31,87,26,109,Sandy loam,Beetroot,Vegetative,Urea,36
34.83,6.48,54,46,114,Loam,Red onion,Vegetative,NPK 15-15-15,34
33.23,6.04,56,80,57,Sandy loam,Radish,Germination,DAP,18
29.27,6.83,48,152,93,Clay,Red onion,Vegetative,NPK 15-15-15,29
24.15,6.30,110,100,94,Sandy loam,Radish,Flowering,NPK 15-15-15,34
28.63,6.55,129,35,80,Clay,Rice,Flowering,Urea,22
35.94,6.51,39,41,59,Clay,Rice,Vegetative,Urea,38
30.90,7.21,86,113,102,Loam,Beetroot,Flowering,NPK 15-15-15,51
34.43,6.26,88,71,66,Loam,Beetroot,Germination,NPK 15-15-15,35
27.16,6.04,133,78,133,Loam,Radish,Vegetative,Urea,22
31.23,6.65,142,96,91,Sandy loam,Radish,Flowering,NPK 15-15-15,23
29.10,7.05,55,160,85,Clay,Beetroot,Flowering,NPK 15-15-15,44
27.91,7.29,68,67,118,Clay,Rice,Flowering,Urea,24
31.84,6.58,87,60,97,Loam,Beetroot,Germination,NPK 15-15-15,25
30.89,6.73,78,158,114,Clay,Radish,Vegetative,Urea,23
34.34,6.71,129,43,119,Loam,Radish,Flowering,NPK 15-15-15,26
31.91,6.47,101,30,148,Clay,Beetroot,Flowering,NPK 15-15-15,49
34.22,6.79,39,57,51,Clay,Rice,Germination,NPK 15-15-15,22
24.52,5.94,106,138,138,Clay,Red onion,Flowering,Urea,28
28.50,6.75,106,146,126,Clay,Rice,Flowering,Urea,24
30.36,5.84,78,154,31,Sandy loam,Red onion,Germination,DAP,24
28.74,6.33,76,51,160,Sandy loam,Red onion,Flowering,Urea,22
29.33,7.08,94,122,25,Clay,Red onion,Germination,DAP,15
28.21,6.80,80,115,40,Clay,Beetroot,Germination,NPK 15-15-15,30
28.70,6.55,130,68,44,Sandy loam,Rice,Vegetative,Urea,44
31.32,6.64,79,76,27,Clay,Beetroot,Flowering,NPK 15-15-15,52
29.95,6.16,157,77,129,Sandy loam,Rice,Germination,NPK 15-15-15,25
31.19,7.25,87,49,25,Clay,Radish,Flowering,NPK 15-15-15,26
25.72,5.87,82,50,148,Sandy loam,Radish,Vegetative,Urea,25
28.89,6.33,40,21,38,Loam,Beetroot,Germination,NPK 15-15-15,33
24.16,6.02,154,160,108,Clay,Radish,Flowering,NPK 15-15-15,28
29.23,6.59,148,103,121,Sandy loam,Radish,Germination,DAP,17
30.37,6.39,27,23,95,Clay,Radish,Vegetative,Urea,28
30.17,6.97,99,103,90,Sandy loam,Beetroot,Flowering,NPK 15-15-15,57
31.92,6.72,41,28,160,Loam,Radish,Flowering,NPK 15-15-15,29
29.38,6.77,21,148,76,Loam,Beetroot,Germination,NPK 15-15-15,33
32.15,7.30,55,155,86,Sandy loam,Red onion,Vegetative,NPK 15-15-15,27
25.72,6.31,68,128,102,Sandy loam,Rice,Flowering,Urea,33
24.32,5.94,114,88,144,Clay,Rice,Flowering,Urea,33
30.27,7.37,73,145,74,Sandy loam,Red onion,Flowering,Urea,26
29.32,6.03,107,145,115,Clay,Beetroot,Germination,NPK 15-15-15,33
33.95,6.70,79,119,155,Loam,Rice,Flowering,Urea,21
28.25,6.58,124,152,92,Loam,Radish,Vegetative,Urea,27
25.00,6.10,135,89,62,Clay,Red onion,Germination,DAP,18
27.57,6.83,109,43,36,Loam,Red onion,Germination,DAP,19
24.04,6.18,24,118,68,Loam,Beetroot,Flowering,NPK 15-15-15,50
34.04,6.12,42,118,80,Clay,Rice,Flowering,Urea,27
26.49,6.99,60,39,46,Loam,Red onion,Flowering,Urea,28
31.39,6.95,30,55,120,Sandy loam,Red onion,Germination,DAP,18
25.44,6.19,40,22,60,Loam,Rice,Flowering,Urea,25
27.80,5.90,44,148,105,Loam,Rice,Flowering,Urea,27
29.13,7.37,25,134,151,Loam,Red onion,Vegetative,NPK 15-15-15,32
32.88,6.44,112,80,104,Loam,Beetroot,Flowering,NPK 15-15-15,51
31.67,6.31,41,159,155,Loam,Beetroot,Flowering,NPK 15-15-15,41
24.94,7.28,78,55,38,Sandy loam,Red onion,Flowering,Urea,26
34.16,5.96,99,23,124,Clay,Rice,Vegetative,Urea,41
28.74,6.89,72,25,147,Loam,Red onion,Germination,DAP,21
24.20,7.25,151,136,117,Clay,Radish,Flowering,NPK 15-15-15,21
32.06,7.07,114,147,40,Clay,Beetroot,Flowering,NPK 15-15-15,57
34.55,7.25,39,149,69,Loam,Radish,Flowering,NPK 15-15-15,27
32.91,6.10,159,77,36,Clay,Beetroot,Vegetative,NPK 15-15-15,41
26.65,7.16,80,56,64,Clay,Red onion,Flowering,Urea,24
25.02,6.48,142,93,21,Sandy loam,Red onion,Vegetative,NPK 15-15-15,35
27.11,6.98,37,30,159,Sandy loam,Radish,Flowering,NPK 15-15-15,24
31.17,7.10,94,128,143,Loam,Beetroot,Flowering,NPK 15-15-15,52
24.80,6.07,106,123,54,Clay,Radish,Flowering,NPK 15-15-15,28
26.61,6.87,85,47,22,Sandy loam,Radish,Vegetative,Urea,28
26.79,7.21,131,127,156,Sandy loam,Radish,Flowering,NPK 15-15-15,22
25.06,6.74,130,31,67,Sandy loam,Rice,Flowering,Urea,24
24.27,5.95,154,39,32,Clay,Beetroot,Flowering,NPK 15-15-15,41
28.68,6.30,151,153,138,Loam,Rice,Flowering,Urea,23
33.82,6.08,142,129,125,Loam,Rice,Germination,DAP,28
30.53,6.63,120,57,89,Loam,Radish,Vegetative,Urea,27
30.03,5.82,117,90,31,Loam,Red onion,Vegetative,NPK 15-15-15,30
34.10,7.16,97,84,27,Loam,Red onion,Germination,DAP,19
34.74,6.19,67,90,107,Sandy loam,Rice,Flowering,Urea,33
35.62,5.89,27,98,107,Sandy loam,Radish,Germination,DAP,17
33.27,7.09,33,34,120,Sandy loam,Rice,Flowering,Urea,31
25.53,7.10,25,153,69,Clay,Radish,Flowering,NPK 15-15-15,35
32.57,6.71,124,43,136,Clay,Beetroot,Flowering,NPK 15-15-15,54
26.93,5.86,109,148,69,Clay,Radish,Flowering,NPK 15-15-15,34
28.46,6.87,115,160,139,Sandy loam,Beetroot,Vegetative,Urea,52
24.15,6.57,64,49,72,Loam,Radish,Germination,DAP,20
25.10,5.94,24,157,155,Sandy loam,Red onion,Germination,DAP,18
31.19,6.13,66,35,25,Clay,Rice,Flowering,Urea,30
24.49,5.98,78,82,154,Clay,Radish,Vegetative,Urea,23
35.28,6.31,96,67,41,Loam,Beetroot,Germination,NPK 15-15-15,28
32.80,6.15,63,76,49,Sandy loam,Beetroot,Germination,NPK 15-15-15,30
27.43,7.04,21,76,44,Sandy loam,Rice,Flowering,Urea,33
33.14,7.25,110,133,125,Clay,Red onion,Vegetative,NPK 15-15-15,30
24.47,6.16,37,77,42,Loam,Radish,Flowering,NPK 15-15-15,26
30.28,6.77,151,156,76,Clay,Rice,Germination,DAP,20
24.22,6.81,142,131,23,Clay,Rice,Flowering,Urea,21
29.42,6.64,30,103,110,Loam,Rice,Germination,DAP,23
34.47,7.08,66,75,39,Clay,Red onion,Vegetative,NPK 15-15-15,33
25.72,7.05,28,85,34,Loam,Radish,Vegetative,Urea,27
33.95,7.36,121,24,40,Loam,Rice,Vegetative,Urea,43
29.26,6.78,66,141,88,Sandy loam,Rice,Vegetative,Urea,37
31.88,6.52,80,89,50,Sandy loam,Beetroot,Flowering,NPK 15-15-15,51
29.56,6.42,160,82,143,Loam,Beetroot,Vegetative,Urea,39
26.23,6.06,70,106,106,Clay,Red onion,Germination,DAP,18
33.46,5.92,135,39,65,Sandy loam,Radish,Germination,DAP,18
28.29,6.81,70,121,81,Clay,Beetroot,Vegetative,Urea,36
30.36,6.30,147,62,42,Sandy loam,Radish,Flowering,NPK 15-15-15,29
27.29,6.99,107,65,122,Sandy loam,Red onion,Germination,DAP,21
35.84,7.40,67,133,145,Loam,Red onion,Vegetative,NPK 15-15-15,33
29.50,7.33,100,22,33,Sandy loam,Rice,Vegetative,Urea,36
31.51,7.32,107,64,85,Loam,Radish,Germination,DAP,19
32.54,7.00,32,68,55,Clay,Beetroot,Germination,NPK 15-15-15,27
30.09,6.50,150,69,53,Loam,Red onion,Vegetative,NPK 15-15-15,28
34.97,7.26,65,136,146,Loam,Radish,Germination,DAP,15
25.19,5.94,96,143,87,Loam,Beetroot,Flowering,NPK 15-15-15,60
28.00,6.07,88,46,95,Sandy loam,Radish,Vegetative,Urea,24
33.07,7.19,64,153,57,Sandy loam,Beetroot,Vegetative,NPK 15-15-15,52
27.93,6.88,134,123,103,Loam,Beetroot,Flowering,NPK 15-15-15,46
28.16,7.17,68,56,87,Clay,Radish,Germination,DAP,15
34.63,6.44,89,63,125,Sandy loam,Rice,Germination,DAP,27
34.50,7.02,142,144,83,Loam,Rice,Germination,DAP,29
32.64,6.22,135,96,113,Loam,Radish,Germination,DAP,16
35.05,6.23,112,131,159,Clay,Rice,Germination,DAP,25
28.82,6.96,116,77,111,Loam,Red onion,Flowering,Urea,26
31.51,7.06,145,131,112,Loam,Rice,Vegetative,Urea,41
29.63,5.85,20,80,77,Clay,Radish,Germination,DAP,17
28.26,7.09,107,136,22,Loam,Radish,Vegetative,Urea,21
34.67,6.27,116,94,114,Clay,Red onion,Vegetative,NPK 15-15-15,27
26.72,7.19,72,100,111,Loam,Beetroot,Germination,NPK 15-15-15,25
26.02,6.04,64,75,61,Clay,Rice,Flowering,Urea,22
32.21,6.84,38,73,109,Clay,Radish,Germination,DAP,16
26.86,7.17,58,142,61,Loam,Radish,Germination,DAP,18
25.11,7.06,64,29,43,Clay,Beetroot,Flowering,NPK 15-15-15,45
27.44,7.05,94,108,41,Loam,Radish,Flowering,NPK 15-15-15,20
27.74,6.65,133,86,87,Loam,Beetroot,Flowering,NPK 15-15-15,55
25.48,6.05,122,75,130,Sandy loam,Radish,Germination,DAP,19
24.90,6.26,55,154,104,Clay,Rice,Flowering,Urea,22
32.59,7.04,93,36,102,Sandy loam,Red onion,Vegetative,NPK 15-15-15,28
35.84,6.32,57,116,121,Clay,Rice,Flowering,Urea,32
29.77,7.22,132,155,91,Clay,Radish,Flowering,NPK 15-15-15,27
33.70,5.88,48,133,151,Clay,Rice,Germination,NPK 15-15-15,25
33.13,5.80,137,156,139,Sandy loam,Radish,Germination,DAP,19
30.32,7.37,100,132,152,Loam,Beetroot,Germination,NPK 15-15-15,35
27.72,6.48,80,61,160,Sandy loam,Red onion,Vegetative,NPK 15-15-15,26
26.90,6.57,121,31,87,Sandy loam,Rice,Vegetative,Urea,37
28.03,6.00,150,133,133,Sandy loam,Red onion,Flowering,Urea,29
33.66,6.44,36,39,149,Clay,Red onion,Flowering,Urea,22
24.52,7.10,119,107,125,Sandy loam,Beetroot,Germination,NPK 15-15-15,28
32.14,6.67,61,62,149,Clay,Radish,Germination,DAP,18
32.95,6.62,159,110,86,Sandy loam,Beetroot,Flowering,NPK 15-15-15,52
24.81,6.12,158,41,129,Sandy loam,Rice,Flowering,Urea,25
35.74,6.82,68,128,26,Clay,Rice,Flowering,Urea,35
24.42,5.98,55,143,136,Sandy loam,Radish,Flowering,NPK 15-15-15,22
28.74,6.26,114,98,25,Clay,Red onion,Flowering,Urea,29
30.33,6.77,25,157,86,Sandy loam,Red onion,Germination,DAP,16
27.10,6.30,109,68,61,Loam,Red onion,Vegetative,NPK 15-15-15,34
35.64,6.81,31,33,153,Clay,Beetroot,Flowering,NPK 15-15-15,59
34.90,6.34,100,36,97,Clay,Radish,Flowering,NPK 15-15-15,23
33.45,7.20,93,85,33,Sandy loam,Rice,Vegetative,Urea,40
34.32,6.52,158,73,126,Clay,Radish,Vegetative,Urea,25
32.77,6.99,149,106,101,Clay,Red onion,Germination,DAP,17
27.07,6.05,125,51,54,Sandy loam,Rice,Germination,DAP,20
33.28,6.85,68,27,160,Sandy loam,Red onion,Vegetative,NPK 15-15-15,31
30.70,6.42,151,107,51,Loam,Beetroot,Vegetative,NPK 15-15-15,38
27.97,6.87,72,32,31,Clay,Radish,Flowering,NPK 15-15-15,30
26.74,6.26,71,26,131,Clay,Beetroot,Flowering,NPK 15-15-15,59
24.93,6.90,93,26,99,Loam,Rice,Germination,DAP,21
33.25,5.86,96,72,107,Sandy loam,Beetroot,Vegetative,Urea,35
32.52,6.64,71,102,39,Clay,Radish,Vegetative,Urea,21
25.46,7.17,66,117,125,Sandy loam,Red onion,Flowering,Urea,23
24.23,6.57,127,133,101,Sandy loam,Beetroot,Flowering,NPK 15-15-15,45
30.17,7.24,27,66,72,Sandy loam,Beetroot,Germination,NPK 15-15-15,29
33.87,6.35,48,133,73,Loam,Rice,Flowering,Urea,30
33.85,6.73,63,30,33,Loam,Rice,Germination,DAP,29
27.37,6.63,95,138,121,Loam,Rice,Vegetative,Urea,42
32.79,6.68,72,79,98,Clay,Rice,Germination,NPK 15-15-15,30
31.70,6.89,129,69,135,Sandy loam,Radish,Vegetative,Urea,20
27.85,6.91,139,94,100,Sandy loam,Rice,Flowering,Urea,24
28.86,6.50,77,117,57,Clay,Beetroot,Vegetative,Urea,41
35.83,7.08,109,146,143,Sandy loam,Beetroot,Vegetative,Urea,44
29.90,7.35,109,112,93,Sandy loam,Radish,Flowering,NPK 15-15-15,26
25.23,6.71,51,135,146,Sandy loam,Red onion,Vegetative,NPK 15-15-15,28
28.08,6.38,140,129,104,Loam,Rice,Flowering,Urea,24
26.18,5.94,104,28,59,Loam,Radish,Vegetative,Urea,23
35.21,6.85,123,117,132,Loam,Rice,Germination,NPK 15-15-15,29
29.77,7.17,105,152,100,Clay,Beetroot,Vegetative,NPK 15-15-15,41
31.22,6.05,146,23,149,Clay,Rice,Flowering,Urea,28
28.55,5.84,124,94,130,Clay,Radish,Vegetative,Urea,20
32.49,6.90,114,61,41,Sandy loam,Red onion,Vegetative,NPK 15-15-15,25
35.73,6.88,30,89,46,Clay,Rice,Flowering,Urea,27
29.51,7.31,82,121,110,Loam,Radish,Flowering,NPK 15-15-15,33
35.28,6.09,21,127,39,Clay,Beetroot,Flowering,NPK 15-15-15,51
34.71,7.32,104,26,33,Sandy loam,Rice,Flowering,Urea,33
29.02,7.16,24,23,95,Clay,Rice,Germination,NPK 15-15-15,21
25.54,6.69,151,23,123,Clay,Rice,Vegetative,Urea,42
26.80,6.46,49,117,35,Sandy loam,Beetroot,Flowering,NPK 15-15-15,49
29.16,7.18,138,76,23,Clay,Rice,Germination,DAP,22
27.31,5.99,95,53,128,Loam,Red onion,Vegetative,NPK 15-15-15,28
29.11,6.67,104,149,137,Clay,Radish,Flowering,NPK 15-15-15,32
26.58,7.10,31,50,80,Clay,Red onion,Flowering,Urea,25
34.24,6.18,145,151,86,Sandy loam,Rice,Germination,DAP,21
26.45,7.05,55,97,149,Clay,Rice,Germination,DAP,26
29.00,6.46,133,142,75,Clay,Radish,Vegetative,Urea,26
28.96,7.33,20,26,65,Sandy loam,Red onion,Vegetative,NPK 15-15-15,35
35.08,6.09,64,156,35,Loam,Rice,Vegetative,Urea,39
30.50,5.86,77,102,83,Sandy loam,Radish,Vegetative,Urea,20
35.39,7.05,147,50,56,Loam,Red onion,Germination,DAP,16
30.90,5.91,117,33,62,Loam,Radish,Germination,DAP,16
35.41,6.66,57,144,35,Clay,Red onion,Germination,DAP,24
25.70,6.19,135,81,123,Loam,Radish,Flowering,NPK 15-15-15,27
35.99,6.87,115,104,25,Loam,Beetroot,Vegetative,NPK 15-15-15,50
32.32,5.88,61,29,85,Clay,Beetroot,Vegetative,NPK 15-15-15,45
24.48,6.47,100,41,126,Loam,Red onion,Vegetative,NPK 15-15-15,31
24.37,7.28,28,61,82,Loam,Rice,Germination,DAP,22
29.91,6.38,144,105,123,Clay,Red onion,Germination,DAP,24
32.90,6.06,137,83,42,Clay,Radish,Vegetative,Urea,21
32.70,6.52,107,136,48,Loam,Radish,Vegetative,Urea,23
33.53,7.26,51,156,140,Loam,Radish,Germination,DAP,18
34.09,7.11,159,101,35,Clay,Beetroot,Flowering,NPK 15-15-15,54
35.74,6.45,101,75,27,Clay,Rice,Vegetative,Urea,41
25.13,6.74,71,124,38,Sandy loam,Red onion,Flowering,Urea,20
26.85,5.82,103,42,150,Clay,Beetroot,Flowering,NPK 15-15-15,57
27.57,5.82,34,121,143,Clay,Radish,Vegetative,Urea,20
31.56,6.95,43,59,37,Clay,Radish,Germination,DAP,18
29.99,7.35,70,89,67,Loam,Beetroot,Flowering,NPK 15-15-15,55
26.07,6.56,48,69,71,Loam,Red onion,Germination,DAP,18
32.69,6.13,89,112,131,Sandy loam,Rice,Germination,DAP,20
32.11,6.83,141,31,59,Loam,Radish,Vegetative,Urea,24
29.18,7.03,157,77,53,Loam,Beetroot,Germination,NPK 15-15-15,35
34.72,6.89,96,68,21,Clay,Red onion,Flowering,Urea,29
25.69,5.87,66,42,100,Clay,Beetroot,Germination,NPK 15-15-15,31
35.51,5.92,91,130,27,Sandy loam,Rice,Vegetative,Urea,40
30.60,6.02,43,122,33,Clay,Red onion,Flowering,Urea,20
28.73,7.13,61,51,82,Loam,Beetroot,Vegetative,Urea,42
30.21,6.95,150,21,61,Loam,Radish,Flowering,NPK 15-15-15,34
31.90,7.21,48,59,147,Sandy loam,Beetroot,Vegetative,NPK 15-15-15,36
24.16,6.29,22,78,146,Sandy loam,Red onion,Vegetative,NPK 15-15-15,26
35.97,5.84,28,150,24,Sandy loam,Beetroot,Flowering,NPK 15-15-15,45
32.98,6.40,24,73,148,Sandy loam,Red onion,Vegetative,NPK 15-15-15,33
35.90,6.07,74,150,86,Clay,Radish,Germination,DAP,16
34.11,6.28,72,39,67,Clay,Radish,Flowering,NPK 15-15-15,21
28.01,6.93,144,50,81,Loam,Beetroot,Flowering,NPK 15-15-15,42
33.06,6.27,73,78,95,Loam,Beetroot,Germination,NPK 15-15-15,33
33.07,7.24,61,82,109,Sandy loam,Rice,Flowering,Urea,20
33.76,7.25,31,63,89,Loam,Red onion,Flowering,Urea,25
25.67,6.90,59,76,38,Loam,Rice,Vegetative,Urea,36
34.67,6.30,37,108,100,Clay,Beetroot,Vegetative,NPK 15-15-15,45
28.54,5.96,126,85,59,Clay,Rice,Flowering,Urea,25
26.56,7.34,157,38,73,Sandy loam,Radish,Germination,DAP,19
27.84,6.02,120,48,100,Sandy loam,Red onion,Germination,DAP,22
24.80,6.33,143,145,143,Sandy loam,Radish,Flowering,NPK 15-15-15,27
26.18,6.63,117,123,88,Clay,Red onion,Vegetative,NPK 15-15-15,28
31.35,7.20,157,137,116,Loam,Rice,Germination,NPK 15-15-15,22
26.32,6.93,141,148,142,Sandy loam,Rice,Vegetative,Urea,44
33.65,7.38,140,111,95,Sandy loam,Radish,Vegetative,Urea,21
28.17,5.95,141,97,116,Sandy loam,Radish,Germination,DAP,19
24.86,6.37,95,94,20,Clay,Radish,Vegetative,Urea,27
35.09,5.83,122,111,95,Clay,Rice,Germination,NPK 15-15-15,28
27.90,7.17,99,28,83,Clay,Radish,Germination,DAP,17
27.33,7.24,100,34,145,Clay,Radish,Flowering,NPK 15-15-15,26
32.43,6.34,33,67,103,Loam,Red onion,Flowering,Urea,26
31.90,6.36,111,86,112,Clay,Red onion,Germination,DAP,17
27.99,6.01,87,76,95,Clay,Rice,Germination,DAP,21
31.64,6.72,160,123,54,Clay,Beetroot,Flowering,NPK 15-15-15,59
32.97,7.35,110,153,139,Loam,Red onion,Vegetative,NPK 15-15-15,33
33.30,7.34,103,91,24,Clay,Red onion,Germination,DAP,18
28.36,6.14,67,57,124,Loam,Rice,Germination,DAP,29
29.11,6.89,82,143,98,Clay,Beetroot,Flowering,NPK 15-15-15,54
31.21,5.86,78,137,139,Clay,Red onion,Vegetative,NPK 15-15-15,35
24.74,6.13,112,44,61,Clay,Beetroot,Vegetative,NPK 15-15-15,41
27.90,5.96,123,83,79,Sandy loam,Red onion,Flowering,Urea,24
24.99,6.05,141,72,89,Loam,Red onion,Flowering,Urea,22
30.66,7.15,61,48,32,Loam,Radish,Flowering,NPK 15-15-15,35
31.30,6.76,101,76,26,Sandy loam,Rice,Vegetative,Urea,44
30.97,5.88,111,141,148,Loam,Rice,Germination,DAP,22
33.32,6.12,107,45,132,Clay,Radish,Vegetative,Urea,29
29.14,6.45,131,49,126,Sandy loam,Beetroot,Germination,NPK 15-15-15,26
33.04,7.32,41,127,95,Loam,Radish,Vegetative,Urea,25
27.34,7.12,150,48,130,Clay,Rice,Flowering,Urea,28
27.87,7.07,64,117,159,Clay,Red onion,Vegetative,NPK 15-15-15,31
26.76,6.51,40,37,65,Clay,Beetroot,Vegetative,NPK 15-15-15,37
25.62,6.12,63,139,43,Sandy loam,Rice,Flowering,Urea,35
35.30,7.23,107,33,113,Sandy loam,Beetroot,Flowering,NPK 15-15-15,57
28.19,5.99,52,123,43,Sandy loam,Rice,Germination,NPK 15-15-15,23
29.11,6.92,70,136,152,Sandy loam,Radish,Flowering,NPK 15-15-15,21
35.94,7.27,96,48,36,Sandy loam,Radish,Vegetative,Urea,26
25.39,6.22,151,25,103,Clay,Beetroot,Vegetative,NPK 15-15-15,38
25.19,6.33,21,126,139,Loam,Rice,Vegetative,Urea,43
29.12,5.85,102,70,144,Loam,Rice,Flowering,Urea,34
28.92,6.88,99,110,48,Clay,Beetroot,Germination,NPK 15-15-15,27
31.61,7.10,32,59,130,Loam,Beetroot,Germination,NPK 15-15-15,25
33.58,6.87,141,28,147,Sandy loam,Red onion,Vegetative,NPK 15-15-15,31
30.76,6.21,68,38,47,Sandy loam,Radish,Germination,DAP,18
26.25,6.92,126,114,54,Sandy loam,Red onion,Vegetative,NPK 15-15-15,31
35.16,6.00,118,121,55,Sandy loam,Beetroot,Germination,NPK 15-15-15,28
29.19,6.82,51,151,99,Loam,Radish,Flowering,NPK 15-15-15,25
35.21,6.10,66,82,84,Sandy loam,Beetroot,Flowering,NPK 15-15-15,56
24.32,5.90,75,59,80,Sandy loam,Radish,Flowering,NPK 15-15-15,27
27.01,6.02,35,135,92,Clay,Radish,Germination,DAP,19
26.48,7.19,98,32,155,Clay,Radish,Vegetative,Urea,25
32.46,6.19,153,158,52,Clay,Rice,Germination,DAP,24
33.08,6.44,91,36,105,Loam,Radish,Germination,DAP,20
31.86,6.55,111,51,48,Clay,Red onion,Flowering,Urea,25
29.35,5.87,126,36,58,Loam,Radish,Vegetative,Urea,29
27.92,6.85,33,110,70,Sandy loam,Radish,Flowering,NPK 15-15-15,24
27.79,6.60,123,36,126,Loam,Red onion,Flowering,Urea,22
31.46,6.60,46,49,56,Sandy loam,Rice,Flowering,Urea,26
35.95,6.81,154,67,126,Clay,Red onion,Vegetative,NPK 15-15-15,34
28.39,6.69,43,101,76,Loam,Rice,Flowering,Urea,29
33.38,5.97,139,85,60,Loam,Beetroot,Vegetative,NPK 15-15-15,53
28.17,6.68,110,135,91,Clay,Beetroot,Vegetative,NPK 15-15-15,43
32.94,6.62,141,60,44,Clay,Beetroot,Germination,NPK 15-15-15,29
31.02,6.38,149,92,91,Clay,Radish,Vegetative,Urea,25
27.86,6.43,100,131,42,Loam,Beetroot,Flowering,NPK 15-15-15,60
32.03,6.37,122,69,68,Loam,Rice,Vegetative,Urea,36
24.23,6.67,134,83,81,Clay,Rice,Vegetative,Urea,44
28.52,6.15,20,61,121,Loam,Rice,Germination,NPK 15-15-15,21
27.00,6.64,45,31,27,Clay,Radish,Vegetative,Urea,28
25.32,6.23,23,120,122,Sandy loam,Red onion,Flowering,Urea,28
32.39,5.82,116,82,130,Loam,Rice,Flowering,Urea,25
25.81,6.81,137,35,159,Loam,Radish,Flowering,NPK 15-15-15,24
29.01,7.29,96,88,147,Loam,Rice,Flowering,Urea,23
29.37,6.00,160,86,124,Sandy loam,Beetroot,Germination,NPK 15-15-15,33
34.57,6.92,159,72,23,Clay,Red onion,Flowering,Urea,28
26.07,5.94,59,29,33,Loam,Red onion,Germination,DAP,22
34.41,7.03,117,113,71,Sandy loam,Beetroot,Flowering,NPK 15-15-15,54
32.85,5.87,61,83,136,Loam,Red onion,Vegetative,NPK 15-15-15,35
34.72,6.94,30,60,115,Loam,Beetroot,Flowering,NPK 15-15-15,54
30.03,7.01,118,67,93,Clay,Beetroot,Vegetative,NPK 15-15-15,45
25.07,6.63,31,131,119,Sandy loam,Red onion,Vegetative,NPK 15-15-15,27
34.00,6.89,66,147,74,Loam,Red onion,Germination,DAP,16
29.58,6.03,70,51,38,Loam,Red onion,Germination,DAP,25
25.56,6.21,159,127,136,Clay,Radish,Vegetative,Urea,29
31.68,6.24,50,57,120,Sandy loam,Rice,Flowering,Urea,35
25.84,7.27,100,51,151,Sandy loam,Beetroot,Vegetative,Urea,37
25.62,6.11,45,75,72,Sandy loam,Radish,Germination,DAP,19
29.62,6.34,41,48,70,Sandy loam,Radish,Flowering,NPK 15-15-15,21
34.36,6.65,154,43,94,Clay,Radish,Flowering,NPK 15-15-15,34
32.17,6.06,54,113,114,Loam,Beetroot,Vegetative,NPK 15-15-15,40
34.28,6.02,27,100,44,Sandy loam,Beetroot,Flowering,NPK 15-15-15,55
31.57,5.88,84,26,34,Clay,Radish,Flowering,NPK 15-15-15,34
33.47,6.75,71,123,55,Sandy loam,Radish,Vegetative,Urea,22
30.33,6.25,52,85,100,Clay,Radish,Flowering,NPK 15-15-15,34
32.79,6.65,134,29,85,Sandy loam,Radish,Germination,DAP,18
25.35,5.89,51,144,25,Sandy loam,Red onion,Germination,DAP,16
35.99,7.37,33,38,23,Sandy loam,Red onion,Vegetative,NPK 15-15-15,25
24.80,5.86,109,92,158,Clay,Radish,Germination,DAP,18
25.39,7.19,47,117,86,Loam,Rice,Germination,DAP,28
25.82,7.23,54,25,106,Sandy loam,Beetroot,Vegetative,Urea,39
24.13,6.66,138,136,29,Sandy loam,Red onion,Vegetative,NPK 15-15-15,26
25.08,6.48,92,124,116,Loam,Radish,Germination,DAP,19
28.76,6.70,69,43,96,Loam,Beetroot,Vegetative,Urea,37
33.09,6.71,114,99,74,Sandy loam,Rice,Flowering,Urea,30
24.77,6.72,106,99,152,Loam,Red onion,Vegetative,NPK 15-15-15,26
28.96,5.92,116,158,25,Loam,Beetroot,Vegetative,NPK 15-15-15,37
24.04,6.21,46,72,144,Clay,Radish,Germination,DAP,19
25.12,6.57,66,46,57,Loam,Red onion,Germination,DAP,15
29.27,7.04,36,46,123,Loam,Radish,Vegetative,Urea,27
26.93,6.09,123,134,123,Sandy loam,Rice,Vegetative,Urea,41
26.15,6.65,49,45,102,Sandy loam,Rice,Vegetative,Urea,40
30.64,5.84,119,57,151,Sandy loam,Rice,Vegetative,Urea,42
24.01,6.49,108,28,23,Sandy loam,Beetroot,Germination,NPK 15-15-15,31
34.59,6.66,86,77,158,Sandy loam,Red onion,Flowering,Urea,25
26.18,7.24,22,139,136,Sandy loam,Radish,Vegetative,Urea,29
30.33,7.04,127,122,95,Clay,Beetroot,Vegetative,NPK 15-15-15,39
32.73,6.85,30,102,77,Clay,Radish,Flowering,NPK 15-15-15,35
32.51,6.88,66,91,41,Clay,Radish,Vegetative,Urea,21
27.93,6.01,137,144,60,Sandy loam,Beetroot,Flowering,NPK 15-15-15,58
25.53,5.84,55,53,28,Clay,Radish,Vegetative,Urea,22
26.70,6.79,42,44,91,Sandy loam,Radish,Vegetative,Urea,28
34.68,7.01,28,64,34,Clay,Rice,Vegetative,Urea,44
26.27,7.39,94,85,42,Loam,Beetroot,Germination,NPK 15-15-15,25
32.30,5.93,101,61,76,Loam,Red onion,Vegetative,NPK 15-15-15,28
27.60,7.16,107,101,34,Loam,Red onion,Flowering,Urea,27
24.48,6.67,76,54,81,Clay,Beetroot,Flowering,NPK 15-15-15,41
24.94,7.19,64,147,154,Sandy loam,Radish,Germination,DAP,18
32.14,6.02,126,118,128,Sandy loam,Rice,Germination,DAP,29
30.10,7.15,145,148,137,Sandy loam,Radish,Germination,DAP,16
24.78,6.40,78,93,61,Sandy loam,Red onion,Vegetative,NPK 15-15-15,31
31.67,5.86,100,84,49,Sandy loam,Beetroot,Vegetative,NPK 15-15-15,42
28.18,6.50,29,75,133,Loam,Radish,Germination,DAP,18
25.81,6.87,96,36,96,Clay,Radish,Germination,DAP,18
27.94,7.27,92,78,149,Sandy loam,Beetroot,Vegetative,Urea,53
28.26,6.80,46,34,31,Sandy loam,Beetroot,Flowering,NPK 15-15-15,58
26.18,6.21,65,113,103,Sandy loam,Radish,Vegetative,Urea,24
30.73,5.93,72,117,23,Loam,Rice,Germination,NPK 15-15-15,21
34.87,6.41,51,94,86,Loam,Radish,Flowering,NPK 15-15-15,31
34.90,7.30,131,125,61,Loam,Rice,Vegetative,Urea,37
31.73,6.34,48,89,150,Sandy loam,Beetroot,Vegetative,Urea,42
24.46,6.88,60,94,156,Loam,Rice,Germination,NPK 15-15-15,21
30.95,6.73,104,77,48,Clay,Beetroot,Germination,NPK 15-15-15,25
28.46,6.08,48,99,115,Loam,Radish,Vegetative,Urea,22
35.70,5.90,131,21,74,Clay,Red onion,Flowering,Urea,20
35.96,7.26,68,51,49,Clay,Radish,Vegetative,Urea,28
24.66,6.52,89,56,75,Clay,Red onion,Flowering,Urea,26
29.88,6.04,52,90,132,Sandy loam,Radish,Flowering,NPK 15-15-15,34
29.27,6.19,155,83,40,Sandy loam,Rice,Vegetative,Urea,43
34.62,6.81,20,128,155,Sandy loam,Radish,Flowering,NPK 15-15-15,22
34.25,7.25,152,81,33,Loam,Rice,Flowering,Urea,34
31.92,5.92,101,45,129,Clay,Red onion,Flowering,Urea,21
27.63,5.85,119,85,140,Clay,Red onion,Flowering,Urea,29
28.96,6.22,72,105,148,Clay,Red onion,Flowering,Urea,23
31.20,6.22,122,138,135,Sandy loam,Radish,Vegetative,Urea,29
25.92,6.74,71,45,153,Sandy loam,Radish,Vegetative,Urea,21
29.75,6.76,137,73,50,Loam,Radish,Flowering,NPK 15-15-15,27
32.73,6.31,140,42,143,Loam,Rice,Vegetative,Urea,39
27.53,6.92,103,58,64,Loam,Beetroot,Vegetative,Urea,42
27.18,6.29,58,100,150,Sandy loam,Red onion,Flowering,Urea,21
28.72,6.28,115,150,146,Sandy loam,Red onion,Vegetative,NPK 15-15-15,27
27.44,6.80,37,128,128,Clay,Radish,Germination,DAP,17
25.41,5.92,131,79,86,Loam,Radish,Vegetative,Urea,24
24.97,6.44,132,158,57,Sandy loam,Radish,Flowering,NPK 15-15-15,35
25.28,7.22,101,97,153,Sandy loam,Red onion,Vegetative,NPK 15-15-15,29
32.27,6.63,75,34,30,Sandy loam,Rice,Vegetative,Urea,39
30.71,7.01,94,56,117,Sandy loam,Red onion,Flowering,Urea,27
27.80,6.83,142,128,59,Clay,Radish,Germination,DAP,15
26.52,6.61,119,154,61,Sandy loam,Beetroot,Vegetative,NPK 15-15-15,40
32.24,5.84,107,73,117,Clay,Radish,Vegetative,Urea,22
26.72,7.12,22,56,44,Sandy loam,Beetroot,Vegetative,NPK 15-15-15,45
25.27,7.01,133,146,65,Loam,Radish,Vegetative,Urea,26
31.04,7.33,50,78,121,Sandy loam,Beetroot,Vegetative,Urea,48
29.95,7.02,58,59,22,Clay,Red onion,Vegetative,NPK 15-15-15,32
35.79,5.92,26,78,23,Clay,Beetroot,Vegetative,NPK 15-15-15,39
29.49,6.66,146,33,133,Loam,Beetroot,Germination,NPK 15-15-15,34
34.71,6.30,118,59,50,Clay,Red onion,Flowering,Urea,25
27.63,6.92,45,98,97,Sandy loam,Rice,Vegetative,Urea,44
25.97,7.33,85,87,147,Sandy loam,Rice,Vegetative,Urea,38
27.48,6.68,151,32,76,Clay,Beetroot,Flowering,NPK 15-15-15,41
30.17,7.00,101,134,47,Loam,Rice,Flowering,Urea,23
28.36,6.81,62,55,41,Loam,Rice,Flowering,Urea,28
32.54,6.61,74,146,138,Sandy loam,Red onion,Vegetative,NPK 15-15-15,27
25.33,6.54,90,109,53,Sandy loam,Beetroot,Vegetative,Urea,41
30.86,6.34,86,112,152,Clay,Radish,Germination,DAP,20
29.04,7.18,78,105,121,Clay,Radish,Flowering,NPK 15-15-15,27
34.53,6.26,45,56,25,Loam,Red onion,Flowering,Urea,21
24.08,6.47,82,39,93,Loam,Beetroot,Germination,NPK 15-15-15,31
32.49,5.82,94,57,158,Loam,Beetroot,Flowering,NPK 15-15-15,57
30.07,6.61,124,31,150,Clay,Rice,Germination,DAP,22
27.47,7.13,36,108,96,Clay,Radish,Flowering,NPK 15-15-15,20
25.93,6.51,81,110,146,Loam,Red onion,Flowering,Urea,28
26.05,7.12,56,85,49,Sandy loam,Radish,Germination,DAP,19
34.99,7.09,140,21,79,Loam,Rice,Germination,NPK 15-15-15,28
35.39,6.57,93,135,134,Clay,Rice,Vegetative,Urea,37
27.55,7.23,146,53,109,Loam,Beetroot,Flowering,NPK 15-15-15,43
32.70,5.89,73,88,160,Clay,Red onion,Vegetative,NPK 15-15-15,34
24.94,6.34,83,131,109,Sandy loam,Radish,Vegetative,Urea,30
33.54,6.65,51,116,159,Clay,Rice,Vegetative,Urea,37
31.09,6.28,129,133,141,Loam,Red onion,Vegetative,NPK 15-15-15,28
27.35,6.41,91,56,76,Loam,Red onion,Germination,DAP,20
27.95,6.21,33,87,67,Clay,Beetroot,Flowering,NPK 15-15-15,57
30.19,5.84,120,63,112,Loam,Red onion,Flowering,Urea,27
28.45,7.13,81,149,101,Sandy loam,Beetroot,Vegetative,Urea,48
32.35,7.38,122,106,39,Loam,Rice,Flowering,Urea,26
28.37,7.38,126,24,111,Sandy loam,Radish,Vegetative,Urea,20
29.45,7.13,120,60,38,Sandy loam,Radish,Flowering,NPK 15-15-15,26
33.24,6.70,46,40,83,Clay,Red onion,Vegetative,NPK 15-15-15,31
30.68,6.85,64,39,53,Loam,Radish,Vegetative,Urea,22
26.90,6.67,37,39,94,Loam,Beetroot,Germination,NPK 15-15-15,27
26.17,5.91,89,31,51,Loam,Rice,Vegetative,Urea,38
29.33,7.08,95,74,27,Loam,Red onion,Flowering,Urea,22
25.15,5.88,30,31,107,Clay,Beetroot,Germination,NPK 15-15-15,27
31.01,6.49,103,100,22,Clay,Radish,Vegetative,Urea,28
25.96,7.38,75,114,51,Clay,Beetroot,Flowering,NPK 15-15-15,50
25.47,7.28,28,112,93,Sandy loam,Radish,Germination,DAP,17
25.71,6.77,29,64,25,Sandy loam,Rice,Germination,DAP,27
25.79,7.16,62,142,56,Loam,Red onion,Flowering,Urea,28
27.46,5.96,81,63,92,Loam,Rice,Vegetative,Urea,43
25.94,7.16,26,138,117,Sandy loam,Beetroot,Flowering,NPK 15-15-15,57
34.40,7.10,147,124,135,Loam,Radish,Vegetative,Urea,24
24.42,7.17,134,141,25,Loam,Red onion,Germination,DAP,23
29.22,6.88,60,142,30,Sandy loam,Radish,Germination,DAP,16
34.36,6.95,67,132,47,Sandy loam,Beetroot,Flowering,NPK 15-15-15,49
24.71,6.88,22,40,35,Clay,Rice,Germination,NPK 15-15-15,27
27.27,7.01,99,98,143,Clay,Radish,Vegetative,Urea,25
34.25,6.44,99,117,25,Clay,Rice,Vegetative,Urea,39
26.13,6.50,126,125,146,Loam,Beetroot,Germination,NPK 15-15-15,32
32.12,7.15,160,127,77,Sandy loam,Radish,Vegetative,Urea,25
34.40,6.65,87,152,79,Loam,Rice,Vegetative,Urea,37
24.32,5.97,65,71,83,Clay,Rice,Vegetative,Urea,38
33.12,7.02,110,69,154,Loam,Beetroot,Flowering,NPK 15-15-15,48
32.64,6.24,83,39,134,Clay,Beetroot,Vegetative,NPK 15-15-15,51
24.83,6.10,43,151,45,Loam,Radish,Vegetative,Urea,26
29.39,6.12,61,149,55,Clay,Red onion,Flowering,Urea,30
35.10,5.94,149,130,49,Sandy loam,Radish,Vegetative,Urea,23
32.97,7.04,137,131,79,Sandy loam,Beetroot,Vegetative,Urea,52
27.94,5.97,92,61,73,Clay,Beetroot,Germination,NPK 15-15-15,33
35.51,6.37,121,160,80,Sandy loam,Red onion,Flowering,Urea,24
35.74,6.33,24,37,140,Clay,Red onion,Vegetative,NPK 15-15-15,30
31.14,6.79,55,67,41,Loam,Radish,Vegetative,Urea,24
30.40,6.36,119,93,42,Sandy loam,Red onion,Vegetative,NPK 15-15-15,30
25.44,6.85,22,113,24,Loam,Rice,Germination,NPK 15-15-15,24
24.71,5.99,58,24,95,Loam,Rice,Flowering,Urea,22
24.33,6.25,59,48,77,Sandy loam,Radish,Vegetative,Urea,20
27.87,6.58,35,44,62,Clay,Rice,Flowering,Urea,29
25.93,5.83,61,70,55,Loam,Rice,Vegetative,Urea,43
31.77,6.47,127,121,114,Sandy loam,Rice,Germination,NPK 15-15-15,23
25.04,6.44,127,66,38,Loam,Beetroot,Flowering,NPK 15-15-15,45
27.54,6.21,149,98,66,Sandy loam,Rice,Flowering,Urea,20
35.00,7.30,48,53,73,Sandy loam,Radish,Germination,DAP,20
32.51,6.23,26,111,159,Clay,Rice,Vegetative,Urea,42
29.00,6.20,109,70,26,Sandy loam,Beetroot,Flowering,NPK 15-15-15,54
24.25,7.27,86,97,139,Sandy loam,Beetroot,Germination,NPK 15-15-15,33
24.02,6.95,96,159,92,Sandy loam,Rice,Germination,DAP,22
30.89,7.15,140,60,119,Sandy loam,Rice,Vegetative,Urea,44
24.53,6.44,107,96,117,Sandy loam,Rice,Germination,NPK 15-15-15,26
31.16,6.66,147,102,55,Sandy loam,Red onion,Germination,DAP,16
26.23,7.39,66,47,68,Sandy loam,Rice,Flowering,Urea,31
29.69,6.33,108,110,112,Loam,Radish,Flowering,NPK 15-15-15,27
29.31,7.15,52,23,70,Clay,Radish,Flowering,NPK 15-15-15,30
34.57,6.27,132,52,109,Loam,Red onion,Vegetative,NPK 15-15-15,30
30.17,6.53,111,92,160,Loam,Radish,Vegetative,Urea,23
27.14,6.08,84,82,113,Sandy loam,Beetroot,Germination,NPK 15-15-15,26
24.57,7.01,155,36,53,Loam,Radish,Vegetative,Urea,27
24.35,6.56,140,92,98,Clay,Radish,Germination,DAP,17
29.76,5.88,74,45,148,Clay,Red onion,Vegetative,NPK 15-15-15,34
26.57,6.25,74,128,97,Sandy loam,Rice,Vegetative,Urea,36
33.60,6.14,147,111,134,Loam,Beetroot,Flowering,NPK 15-15-15,54
28.11,5.95,112,47,41,Sandy loam,Rice,Vegetative,Urea,39
35.17,6.12,148,91,138,Loam,Beetroot,Germination,NPK 15-15-15,28
34.00,6.14,148,156,135,Sandy loam,Red onion,Flowering,Urea,24
31.47,7.08,124,146,77,Sandy loam,Radish,Vegetative,Urea,26
24.04,6.64,38,66,114,Clay,Radish,Vegetative,Urea,29
31.99,7.30,126,70,63,Sandy loam,Radish,Germination,DAP,19
24.34,7.20,84,125,146,Clay,Red onion,Flowering,Urea,28
32.03,7.35,33,87,110,Loam,Beetroot,Germination,NPK 15-15-15,26
28.94,6.53,156,101,116,Loam,Red onion,Germination,DAP,15
32.80,7.01,63,34,21,Sandy loam,Rice,Germination,NPK 15-15-15,22
35.62,6.04,113,125,95,Sandy loam,Red onion,Flowering,Urea,28
28.30,6.19,159,150,67,Sandy loam,Radish,Flowering,NPK 15-15-15,34
25.76,6.20,138,121,77,Sandy loam,Radish,Flowering,NPK 15-15-15,28
33.68,5.97,139,74,20,Sandy loam,Radish,Flowering,NPK 15-15-15,24
24.35,6.65,61,89,44,Sandy loam,Beetroot,Flowering,NPK 15-15-15,43
30.62,6.45,37,90,149,Sandy loam,Red onion,Germination,DAP,19
26.14,6.16,48,158,59,Sandy loam,Rice,Vegetative,Urea,37
35.69,6.00,42,129,51,Sandy loam,Beetroot,Flowering,NPK 15-15-15,54
33.23,6.16,84,71,107,Sandy loam,Red onion,Flowering,Urea,28
26.87,6.63,54,128,26,Clay,Radish,Germination,DAP,16
24.93,6.27,156,127,87,Sandy loam,Beetroot,Vegetative,NPK 15-15-15,40
29.72,5.84,43,103,154,Sandy loam,Rice,Vegetative,Urea,43
34.19,6.18,36,45,70,Clay,Radish,Flowering,NPK 15-15-15,21
31.48,7.01,103,119,110,Sandy loam,Beetroot,Flowering,NPK 15-15-15,57
30.41,6.31,135,152,20,Loam,Radish,Germination,DAP,19
33.66,6.06,77,50,23,Loam,Radish,Flowering,NPK 15-15-15,24
32.13,6.70,154,32,115,Clay,Radish,Vegetative,Urea,27
30.19,6.02,82,134,54,Loam,Red onion,Germination,DAP,15
34.14,7.37,64,39,100,Loam,Radish,Vegetative,Urea,28
26.15,6.66,134,87,95,Sandy loam,Radish,Germination,DAP,18
35.39,7.06,129,20,120,Sandy loam,Red onion,Flowering,Urea,25
34.47,5.93,57,87,133,Loam,Beetroot,Flowering,NPK 15-15-15,53
30.30,6.79,159,153,34,Clay,Radish,Flowering,NPK 15-15-15,29
31.21,6.30,107,73,23,Loam,Rice,Germination,NPK 15-15-15,28
27.29,6.51,42,129,135,Loam,Radish,Vegetative,Urea,30
32.02,5.81,158,135,51,Loam,Radish,Germination,DAP,15
26.88,6.51,123,118,53,Clay,Rice,Flowering,Urea,24
31.40,7.19,66,131,59,Clay,Red onion,Vegetative,NPK 15-15-15,31
26.66,6.93,78,67,41,Loam,Rice,Vegetative,Urea,38
24.15,6.63,117,125,71,Loam,Rice,Germination,DAP,20
35.03,6.11,91,59,105,Sandy loam,Rice,Germination,DAP,20
32.02,6.72,21,120,148,Clay,Beetroot,Vegetative,Urea,54
29.81,7.15,29,127,132,Clay,Beetroot,Flowering,NPK 15-15-15,42
32.43,6.01,31,95,151,Clay,Beetroot,Vegetative,NPK 15-15-15,48
32.40,6.42,97,91,120,Loam,Beetroot,Vegetative,Urea,38
30.06,7.09,138,140,87,Sandy loam,Rice,Flowering,Urea,32
33.89,7.13,58,43,51,Sandy loam,Beetroot,Germination,NPK 15-15-15,29
33.53,5.84,154,49,47,Sandy loam,Red onion,Flowering,Urea,29
32.54,6.97,34,149,62,Clay,Red onion,Germination,DAP,23
35.55,6.88,81,82,126,Sandy loam,Radish,Vegetative,Urea,22
28.03,7.10,44,156,46,Clay,Red onion,Germination,DAP,21
25.48,6.26,129,112,36,Loam,Radish,Vegetative,Urea,28
28.71,7.11,146,76,106,Sandy loam,Beetroot,Vegetative,Urea,46
25.30,5.82,55,141,79,Loam,Rice,Germination,DAP,29
31.51,6.20,79,41,52,Sandy loam,Rice,Vegetative,Urea,36
26.51,6.12,159,76,144,Loam,Radish,Flowering,NPK 15-15-15,25
31.06,7.13,124,144,21,Loam,Radish,Flowering,NPK 15-15-15,31
25.65,6.64,90,97,68,Clay,Radish,Germination,DAP,18
27.12,6.59,64,62,109,Clay,Beetroot,Vegetative,Urea,47
33.65,6.82,53,122,46,Sandy loam,Rice,Vegetative,Urea,44
28.87,6.56,23,99,103,Sandy loam,Red onion,Vegetative,NPK 15-15-15,34
26.95,6.81,58,87,31,Loam,Beetroot,Vegetative,NPK 15-15-15,51
29.72,6.44,101,67,121,Clay,Rice,Vegetative,Urea,39
29.10,6.91,139,147,127,Sandy loam,Rice,Germination,NPK 15-15-15,28
25.98,6.53,71,150,36,Sandy loam,Radish,Flowering,NPK 15-15-15,33
24.65,6.46,49,103,115,Loam,Radish,Vegetative,Urea,23
28.73,7.25,55,54,138,Loam,Red onion,Germination,DAP,22
24.03,6.10,148,33,152,Sandy loam,Radish,Flowering,NPK 15-15-15,34
28.96,7.01,87,78,44,Clay,Red onion,Germination,DAP,24
27.40,6.58,118,73,60,Clay,Radish,Flowering,NPK 15-15-15,33
34.95,6.22,67,136,69,Clay,Beetroot,Germination,NPK 15-15-15,26
34.05,7.17,70,111,33,Loam,Rice,Germination,DAP,23
25.27,6.14,91,141,155,Sandy loam,Red onion,Flowering,Urea,27
32.32,6.96,98,132,53,Loam,Red onion,Germination,DAP,20
34.11,6.22,154,105,51,Sandy loam,Beetroot,Germination,NPK 15-15-15,30
33.38,7.06,31,108,132,Clay,Radish,Flowering,NPK 15-15-15,31
25.19,7.37,20,111,154,Loam,Rice,Germination,NPK 15-15-15,30
31.18,6.28,145,26,119,Sandy loam,Beetroot,Flowering,NPK 15-15-15,41
35.84,6.34,106,136,59,Clay,Red onion,Flowering,Urea,29
28.98,6.17,86,33,119,Clay,Rice,Vegetative,Urea,44
29.72,6.36,143,71,25,Sandy loam,Rice,Germination,DAP,24
30.08,6.39,101,37,27,Sandy loam,Red onion,Vegetative,NPK 15-15-15,32
33.14,7.08,38,58,140,Clay,Red onion,Germination,DAP,25
34.57,7.24,77,147,31,Clay,Radish,Vegetative,Urea,29
34.30,7.25,149,67,94,Sandy loam,Beetroot,Vegetative,NPK 15-15-15,54
27.35,7.27,68,62,39,Clay,Beetroot,Flowering,NPK 15-15-15,52
25.05,6.74,122,34,95,Loam,Red onion,Germination,DAP,21
30.71,7.14,154,26,68,Sandy loam,Radish,Flowering,NPK 15-15-15,30
32.69,7.38,107,47,115,Sandy loam,Beetroot,Vegetative,NPK 15-15-15,39
27.55,7.35,88,43,48,Sandy loam,Radish,Germination,DAP,15
32.21,7.35,113,65,84,Clay,Radish,Germination,DAP,20
33.18,6.25,44,82,133,Clay,Beetroot,Flowering,NPK 15-15-15,54
33.08,7.16,62,67,155,Loam,Red onion,Vegetative,NPK 15-15-15,27
27.25,6.19,156,152,29,Clay,Beetroot,Vegetative,NPK 15-15-15,51
31.94,7.38,30,101,107,Clay,Radish,Germination,DAP,16
25.96,6.94,133,134,104,Clay,Rice,Vegetative,Urea,35
27.57,6.86,56,44,114,Loam,Beetroot,Flowering,NPK 15-15-15,54
34.59,6.47,124,120,109,Clay,Rice,Flowering,Urea,27
24.55,7.20,160,24,156,Clay,Radish,Vegetative,Urea,24
33.07,6.21,110,66,92,Loam,Red onion,Germination,DAP,23
33.99,7.33,43,130,148,Clay,Beetroot,Germination,NPK 15-15-15,27
24.15,7.27,38,125,114,Loam,Red onion,Flowering,Urea,25
34.89,6.75,112,131,36,Sandy loam,Rice,Germination,DAP,21
24.94,6.99,26,31,95,Clay,Radish,Vegetative,Urea,22
30.93,6.16,38,121,78,Clay,Beetroot,Vegetative,Urea,42
25.28,6.97,33,82,58,Clay,Radish,Vegetative,Urea,21
29.50,7.35,125,40,110,Loam,Red onion,Vegetative,NPK 15-15-15,28
29.30,5.91,110,157,36,Sandy loam,Beetroot,Vegetative,Urea,41
35.29,6.93,48,141,44,Loam,Beetroot,Vegetative,Urea,52
24.37,7.03,156,21,121,Clay,Beetroot,Germination,NPK 15-15-15,26
28.45,6.88,82,72,95,Sandy loam,Rice,Vegetative,Urea,38
34.60,6.88,150,58,111,Sandy loam,Rice,Vegetative,Urea,38
28.51,7.39,100,106,34,Sandy loam,Red onion,Vegetative,NPK 15-15-15,33
29.92,7.36,33,50,90,Loam,Beetroot,Flowering,NPK 15-15-15,56
35.26,5.86,30,81,151,Loam,Beetroot,Germination,NPK 15-15-15,32
34.17,7.06,109,89,60,Clay,Red onion,Flowering,Urea,26
33.53,6.46,101,73,135,Sandy loam,Rice,Flowering,Urea,33
33.19,6.85,37,63,82,Loam,Beetroot,Vegetative,NPK 15-15-15,47
31.66,7.22,114,118,83,Sandy loam,Beetroot,Flowering,NPK 15-15-15,59
29.50,6.52,69,102,107,Clay,Red onion,Flowering,Urea,28
24.91,5.92,22,119,151,Clay,Rice,Germination,DAP,20
27.20,6.56,21,73,131,Loam,Rice,Flowering,Urea,33
27.58,6.40,47,96,29,Sandy loam,Radish,Germination,DAP,18
25.70,6.94,146,62,121,Loam,Red onion,Germination,DAP,22
25.93,7.07,144,28,30,Sandy loam,Red onion,Germination,DAP,21
26.49,5.87,43,151,32,Clay,Red onion,Flowering,Urea,27
25.18,7.28,36,64,126,Sandy loam,Rice,Germination,NPK 15-15-15,24
30.96,6.23,155,62,109,Clay,Radish,Germination,DAP,17
33.46,5.98,41,123,48,Loam,Radish,Germination,DAP,18
27.43,6.92,62,24,151,Loam,Red onion,Vegetative,NPK 15-15-15,33
32.23,6.01,131,129,120,Loam,Beetroot,Flowering,NPK 15-15-15,50
28.74,6.32,134,97,83,Sandy loam,Beetroot,Vegetative,Urea,37
31.73,7.06,46,105,123,Loam,Red onion,Flowering,Urea,29
33.86,5.86,157,83,51,Loam,Red onion,Germination,DAP,18
34.49,6.44,149,41,92,Loam,Radish,Flowering,NPK 15-15-15,21
35.51,6.10,137,101,103,Loam,Radish,Flowering,NPK 15-15-15,26
25.91,6.09,69,40,149,Sandy loam,Rice,Vegetative,Urea,43
24.19,6.13,131,84,79,Clay,Rice,Germination,NPK 15-15-15,27
25.12,5.87,52,86,142,Sandy loam,Radish,Flowering,NPK 15-15-15,23
31.48,6.66,32,145,118,Sandy loam,Rice,Vegetative,Urea,45
24.12,7.13,96,86,144,Clay,Rice,Flowering,Urea,23
29.76,7.23,139,150,39,Clay,Beetroot,Vegetative,Urea,38
27.58,6.87,141,75,160,Clay,Radish,Flowering,NPK 15-15-15,20
33.30,6.51,144,74,131,Sandy loam,Rice,Germination,DAP,21
33.19,6.85,38,112,29,Loam,Rice,Germination,NPK 15-15-15,24
28.77,6.64,61,54,94,Loam,Radish,Germination,DAP,16
24.16,6.41,139,90,37,Sandy loam,Red onion,Flowering,Urea,28
31.11,6.53,70,122,119,Sandy loam,Radish,Flowering,NPK 15-15-15,22
31.87,6.71,86,77,28,Loam,Rice,Germination,DAP,22
28.87,7.16,120,115,24,Sandy loam,Red onion,Germination,DAP,16
34.86,5.94,56,28,134,Clay,Beetroot,Germination,NPK 15-15-15,31
35.01,7.31,70,88,117,Loam,Rice,Vegetative,Urea,43
32.91,6.61,30,139,141,Sandy loam,Beetroot,Flowering,NPK 15-15-15,57
30.66,6.27,112,153,142,Sandy loam,Radish,Flowering,NPK 15-15-15,33
27.28,6.95,145,157,95,Sandy loam,Beetroot,Germination,NPK 15-15-15,27
29.64,6.57,71,74,46,Loam,Rice,Flowering,Urea,31
35.07,6.31,108,87,71,Sandy loam,Red onion,Germination,DAP,21
29.34,7.35,53,65,61,Clay,Red onion,Vegetative,NPK 15-15-15,27
31.58,6.13,127,78,36,Loam,Rice,Flowering,Urea,21
31.19,6.53,34,160,130,Sandy loam,Red onion,Vegetative,NPK 15-15-15,31
25.71,6.69,32,27,43,Clay,Rice,Germination,DAP,25
24.59,6.16,82,120,131,Sandy loam,Beetroot,Vegetative,NPK 15-15-15,45
28.98,5.97,84,32,75,Clay,Red onion,Germination,DAP,17
35.14,6.06,140,129,92,Sandy loam,Red onion,Germination,DAP,21
31.31,5.89,80,122,85,Clay,Radish,Flowering,NPK 15-15-15,28
29.46,5.82,52,35,87,Loam,Radish,Germination,DAP,18
26.80,6.20,78,99,81,Loam,Beetroot,Germination,NPK 15-15-15,31
25.28,7.06,106,102,142,Clay,Rice,Flowering,Urea,31
34.01,7.05,25,124,39,Sandy loam,Rice,Germination,DAP,20
34.03,7.13,146,160,127,Clay,Rice,Germination,NPK 15-15-15,26
25.52,6.92,114,106,137,Clay,Rice,Vegetative,Urea,43
34.26,6.07,111,84,72,Clay,Rice,Germination,DAP,24
32.15,6.70,60,34,30,Loam,Red onion,Vegetative,NPK 15-15-15,31
24.96,5.86,144,133,137,Clay,Radish,Vegetative,Urea,23
24.89,6.32,153,56,61,Sandy loam,Beetroot,Vegetative,NPK 15-15-15,52
33.83,6.42,110,121,155,Sandy loam,Radish,Germination,DAP,19
26.48,6.19,25,39,158,Sandy loam,Radish,Vegetative,Urea,21
27.82,6.64,65,41,147,Clay,Rice,Flowering,Urea,32
34.56,5.81,151,20,57,Loam,Radish,Flowering,NPK 15-15-15,24
29.58,6.39,67,140,53,Loam,Rice,Germination,NPK 15-15-15,22
33.14,6.56,85,87,160,Clay,Red onion,Vegetative,NPK 15-15-15,31
29.31,6.09,38,60,38,Loam,Radish,Vegetative,Urea,23
29.40,7.30,152,48,81,Loam,Rice,Vegetative,Urea,45
24.07,6.75,37,111,20,Loam,Red onion,Germination,DAP,23
31.01,7.11,63,25,124,Loam,Beetroot,Germination,NPK 15-15-15,32
26.78,6.49,39,65,153,Clay,Radish,Germination,DAP,19
29.22,6.49,150,103,85,Loam,Radish,Germination,DAP,16
35.96,7.02,50,123,71,Clay,Rice,Germination,NPK 15-15-15,28
35.68,6.93,123,28,99,Sandy loam,Rice,Germination,DAP,27
30.84,7.00,144,118,148,Clay,Rice,Vegetative,Urea,40
35.05,6.17,73,24,156,Clay,Rice,Germination,NPK 15-15-15,27
32.58,6.63,49,71,86,Sandy loam,Beetroot,Germination,NPK 15-15-15,27
26.64,5.85,43,65,79,Loam,Red onion,Germination,DAP,21
33.28,6.45,126,52,38,Sandy loam,Radish,Germination,DAP,16
24.91,6.27,27,75,41,Sandy loam,Radish,Flowering,NPK 15-15-15,28
25.71,6.93,107,32,156,Sandy loam,Red onion,Flowering,Urea,29
24.51,6.12,128,62,44,Clay,Radish,Germination,DAP,16
29.96,6.91,115,70,111,Clay,Red onion,Flowering,Urea,21
27.90,6.91,25,85,135,Clay,Beetroot,Vegetative,Urea,53
24.38,6.56,22,152,138,Sandy loam,Radish,Germination,DAP,16
31.31,6.94,57,128,25,Sandy loam,Beetroot,Germination,NPK 15-15-15,30
33.82,7.15,52,33,55,Loam,Red onion,Vegetative,NPK 15-15-15,32
32.59,6.98,159,77,24,Loam,Rice,Germination,NPK 15-15-15,26
24.99,6.88,28,134,112,Sandy loam,Radish,Flowering,NPK 15-15-15,29
35.49,6.97,123,124,96,Sandy loam,Radish,Germination,DAP,19
35.97,6.25,135,78,44,Clay,Radish,Germination,DAP,17
34.88,5.84,39,144,90,Clay,Red onion,Flowering,Urea,24
24.24,6.97,49,27,33,Sandy loam,Radish,Germination,DAP,17
30.90,6.19,114,43,147,Sandy loam,Beetroot,Vegetative,Urea,54
33.46,6.71,83,98,59,Clay,Rice,Flowering,Urea,33
29.13,6.66,148,100,121,Clay,Radish,Vegetative,Urea,21
29.32,6.78,86,77,133,Clay,Beetroot,Vegetative,Urea,41
26.93,6.17,148,96,89,Loam,Beetroot,Vegetative,NPK 15-15-15,35
33.82,6.56,123,20,45,Clay,Red onion,Vegetative,NPK 15-15-15,32
27.20,7.24,106,88,124,Sandy loam,Beetroot,Vegetative,NPK 15-15-15,36
29.94,5.92,103,42,20,Clay,Red onion,Germination,DAP,21
34.01,6.96,31,160,143,Sandy loam,Radish,Germination,DAP,20
27.92,6.09,154,23,48,Clay,Radish,Flowering,NPK 15-15-15,23
26.12,7.08,153,134,115,Sandy loam,Beetroot,Vegetative,Urea,47
26.52,6.99,158,128,84,Loam,Red onion,Vegetative,NPK 15-15-15,26
35.35,6.04,31,33,116,Clay,Radish,Germination,DAP,19
32.95,6.45,47,31,66,Loam,Rice,Flowering,Urea,31
34.41,6.52,52,82,94,Clay,Radish,Germination,DAP,18
30.17,5.98,64,122,54,Loam,Rice,Germination,DAP,25
32.76,6.49,118,23,68,Sandy loam,Red onion,Flowering,Urea,29
32.98,7.27,78,117,78,Clay,Radish,Flowering,NPK 15-15-15,34
33.71,7.40,90,110,152,Sandy loam,Beetroot,Germination,NPK 15-15-15,25
26.92,6.93,107,48,36,Clay,Radish,Vegetative,Urea,20
26.87,6.48,107,51,122,Sandy loam,Rice,Vegetative,Urea,40
26.14,7.36,143,136,70,Sandy loam,Red onion,Germination,DAP,18
25.10,6.56,137,128,109,Clay,Rice,Flowering,Urea,22
30.14,5.91,139,107,124,Loam,Beetroot,Germination,NPK 15-15-15,29
29.04,7.16,152,155,67,Sandy loam,Red onion,Flowering,Urea,21
32.47,5.88,62,42,39,Sandy loam,Radish,Germination,DAP,17
35.65,7.00,52,94,77,Loam,Beetroot,Germination,NPK 15-15-15,32
29.37,6.64,35,50,44,Clay,Rice,Germination,DAP,26
33.39,6.70,22,123,113,Loam,Radish,Vegetative,Urea,27
31.96,7.16,146,116,140,Clay,Beetroot,Germination,NPK 15-15-15,32
29.86,6.42,134,99,44,Loam,Red onion,Vegetative,NPK 15-15-15,27
34.16,6.25,26,58,136,Sandy loam,Red onion,Vegetative,NPK 15-15-15,27
28.12,5.81,110,75,80,Clay,Red onion,Germination,DAP,16
29.13,6.51,76,70,73,Clay,Rice,Vegetative,Urea,43
34.51,6.78,72,40,90,Loam,Radish,Germination,DAP,17
31.21,7.39,72,141,102,Sandy loam,Red onion,Vegetative,NPK 15-15-15,33
30.08,7.36,26,128,135,Loam,Rice,Germination,DAP,20
33.59,6.64,43,51,70,Clay,Radish,Flowering,NPK 15-15-15,33
34.17,7.39,67,42,67,Sandy loam,Red onion,Vegetative,NPK 15-15-15,27
24.84,6.85,135,108,142,Loam,Radish,Flowering,NPK 15-15-15,34
31.48,5.90,22,95,22,Sandy loam,Red onion,Germination,DAP,24
29.32,6.91,41,85,118,Loam,Beetroot,Vegetative,Urea,42
27.37,7.20,151,114,30,Sandy loam,Red onion,Vegetative,NPK 15-15-15,33
27.22,6.02,116,46,116,Loam,Radish,Germination,DAP,17
35.81,6.63,128,105,61,Clay,Beetroot,Vegetative,Urea,46
31.11,6.92,160,23,36,Clay,Beetroot,Flowering,NPK 15-15-15,52
29.43,6.04,115,47,122,Clay,Radish,Germination,DAP,16
25.60,6.04,50,146,159,Sandy loam,Rice,Vegetative,Urea,40
30.59,6.39,147,150,86,Loam,Rice,Flowering,Urea,20
29.54,5.91,48,23,52,Clay,Rice,Flowering,Urea,32
29.42,6.20,27,29,107,Clay,Red onion,Germination,DAP,18
33.36,6.92,121,54,151,Sandy loam,Red onion,Vegetative,NPK 15-15-15,33
29.21,6.72,105,41,85,Loam,Radish,Germination,DAP,15
30.78,5.91,24,102,102,Clay,Rice,Vegetative,Urea,42
35.09,7.26,62,156,72,Sandy loam,Rice,Flowering,Urea,34
30.42,6.80,77,144,85,Sandy loam,Red onion,Flowering,Urea,28
30.08,7.32,31,29,62,Sandy loam,Rice,Germination,NPK 15-15-15,22
29.39,6.05,125,54,70,Clay,Beetroot,Vegetative,Urea,51
29.80,5.87,95,80,32,Sandy loam,Rice,Flowering,Urea,23
32.89,6.49,113,101,39,Sandy loam,Red onion,Germination,DAP,17
35.25,6.12,135,87,159,Clay,Rice,Germination,DAP,23
28.94,6.66,139,72,76,Sandy loam,Beetroot,Germination,NPK 15-15-15,33
26.78,6.85,155,127,51,Sandy loam,Beetroot,Vegetative,NPK 15-15-15,54
25.14,6.13,74,100,21,Clay,Rice,Flowering,Urea,22
30.73,6.20,38,157,140,Clay,Red onion,Flowering,Urea,29
31.51,6.62,52,25,23,Loam,Red onion,Flowering,Urea,27
28.80,6.06,88,160,113,Loam,Red onion,Germination,DAP,15
33.70,6.03,116,73,100,Clay,Radish,Vegetative,Urea,21
34.68,6.27,153,92,52,Clay,Red onion,Germination,DAP,20
33.58,5.90,132,158,68,Loam,Radish,Germination,DAP,17
31.26,6.75,132,141,109,Clay,Rice,Germination,NPK 15-15-15,27
27.77,6.52,89,22,45,Sandy loam,Rice,Vegetative,Urea,40
34.73,6.54,71,105,79,Sandy loam,Red onion,Germination,DAP,18
35.60,6.99,131,39,53,Loam,Red onion,Vegetative,NPK 15-15-15,28
35.41,5.88,84,84,51,Sandy loam,Rice,Flowering,Urea,27
29.68,7.21,158,154,121,Clay,Rice,Vegetative,Urea,44
32.89,6.16,33,77,32,Clay,Radish,Germination,DAP,17
27.55,5.88,111,66,124,Sandy loam,Beetroot,Vegetative,Urea,48
29.13,6.59,80,131,41,Sandy loam,Beetroot,Flowering,NPK 15-15-15,41
31.13,6.22,99,106,90,Loam,Red onion,Germination,DAP,22
30.68,6.73,47,34,76,Clay,Rice,Flowering,Urea,22
33.57,7.06,34,86,56,Clay,Radish,Flowering,NPK 15-15-15,24
30.65,7.36,102,56,115,Sandy loam,Rice,Vegetative,Urea,36
33.08,6.64,20,29,82,Clay,Rice,Vegetative,Urea,42
26.28,6.26,51,58,33,Sandy loam,Rice,Germination,DAP,29
35.90,6.60,136,135,77,Sandy loam,Red onion,Germination,DAP,23
24.39,6.90,149,64,101,Loam,Red onion,Germination,DAP,22
28.24,5.99,83,46,33,Sandy loam,Radish,Germination,DAP,19
26.51,6.79,22,95,129,Loam,Red onion,Vegetative,NPK 15-15-15,25
24.86,6.86,71,90,59,Clay,Rice,Flowering,Urea,26
32.24,7.38,34,150,40,Sandy loam,Red onion,Germination,DAP,20
35.82,6.25,117,153,62,Sandy loam,Rice,Flowering,Urea,25
28.21,6.12,65,87,86,Sandy loam,Red onion,Vegetative,NPK 15-15-15,31
30.52,5.85,125,36,104,Sandy loam,Radish,Vegetative,Urea,24
32.98,6.51,36,158,50,Sandy loam,Beetroot,Germination,NPK 15-15-15,27
28.08,7.10,36,50,98,Clay,Rice,Flowering,Urea,28
27.54,6.66,81,79,79,Clay,Radish,Germination,DAP,18
30.74,5.90,24,108,30,Loam,Beetroot,Flowering,NPK 15-15-15,55
31.17,6.94,88,42,130,Clay,Radish,Vegetative,Urea,20
32.73,6.96,58,150,37,Loam,Radish,Flowering,NPK 15-15-15,20
28.14,5.97,149,103,127,Sandy loam,Rice,Flowering,Urea,27
26.52,5.82,36,107,30,Loam,Rice,Flowering,Urea,25
31.19,7.07,80,101,153,Clay,Red onion,Flowering,Urea,27
30.80,6.92,138,112,104,Loam,Red onion,Germination,DAP,22
31.89,6.97,70,46,68,Clay,Radish,Flowering,NPK 15-15-15,26
28.13,6.81,21,112,159,Clay,Radish,Vegetative,Urea,25
34.65,6.17,134,120,20,Clay,Radish,Vegetative,Urea,23
29.24,6.76,138,30,77,Clay,Beetroot,Flowering,NPK 15-15-15,43
32.64,6.89,152,48,31,Sandy loam,Beetroot,Vegetative,Urea,35
25.23,6.04,149,154,55,Sandy loam,Red onion,Flowering,Urea,29
35.77,6.36,93,54,65,Clay,Radish,Germination,DAP,15
32.61,6.93,136,80,145,Sandy loam,Radish,Vegetative,Urea,21
29.65,7.11,53,32,123,Clay,Beetroot,Vegetative,Urea,41
30.53,6.16,49,54,92,Loam,Rice,Flowering,Urea,28
